多子板一键导出	Batch PCB Export	Export PCB par lot	PCB一括エクスポート	PCB 일괄 내보내기
批量导出	Batch Export	Export par lot	一括エクスポート	일괄 내보내기
选择子板和文件，统一导出生产与测试资料。	Select boards and files. Export manufacturing and test data together.	Sélectionnez les cartes et les fichiers pour exporter les données de fabrication et de test.	基板とファイルを選択し、製造・テスト資料をまとめて出力します。	보드와 파일을 선택하여 제조 및 테스트 자료를 함께 내보냅니다.
语言	Language	Langue	言語	언어
配置名称	Profile name	Nom du profil	設定名	설정 이름
保存为默认值	Save as default	Définir par défaut	既定として保存	기본값으로 저장
载入默认值	Load defaults	Charger les valeurs par défaut	既定設定を読み込む	기본값 불러오기
导入配置	Import profile	Importer un profil	設定をインポート	설정 가져오기
导出配置	Export profile	Exporter le profil	設定をエクスポート	설정 내보내기
1. 选择子板	1. Select boards	1. Choisir les cartes	1. 基板を選択	1. 보드 선택
2. 选择导出内容与选项	2. Select files and options	2. Choisir les fichiers et options	2. ファイルと設定を選択	2. 파일 및 옵션 선택
3. 选择保存位置	3. Choose a destination	3. Choisir la destination	3. 保存先を選択	3. 저장 위치 선택
全选	Select all	Tout sélectionner	すべて選択	모두 선택
全不选	Clear selection	Tout désélectionner	選択を解除	선택 해제
刷新	Refresh	Actualiser	更新	새로 고침
搜索子板	Search boards	Rechercher une carte	基板を検索	보드 검색
搜索子板或 PCB	Search board or PCB	Rechercher une carte ou un PCB	基板名またはPCB名を検索	보드 또는 PCB 검색
输出目录结构	Output folders	Dossiers de sortie	出力フォルダー	출력 폴더
根目录/	Root folder/	Dossier racine/	ルートフォルダー/	루트 폴더/
日期	date	date	日付	날짜
同名文件自动加序号；Gerber 保留官方压缩包。	Duplicate filenames are numbered. Gerber keeps the official archive.	Les doublons sont numérotés. Gerber conserve l’archive officielle.	同名ファイルには番号を付けます。Gerberは公式の圧縮形式で保存します。	같은 파일명에는 번호를 붙입니다. Gerber는 공식 압축 형식으로 저장합니다.
点击“配置”展开选项。所有选项可随配置文件保存。	Expand Options to customize each export. All options are saved in profiles.	Ouvrez Options pour personnaliser l’export. Toutes les options sont enregistrées dans le profil.	「設定」を開くと各形式を設定できます。設定はファイルに保存できます。	옵션을 펼쳐 형식별 설정을 변경합니다. 모든 옵션은 설정 파일에 저장됩니다.
配置 ▾	Options ▾	Options ▾	設定 ▾	옵션 ▾
导出根目录	Output root folder	Dossier racine de sortie	出力ルートフォルダー	출력 루트 폴더
选择目录或填写绝对路径	Choose a folder or enter an absolute path	Choisir un dossier ou saisir un chemin absolu	フォルダーを選択、または絶対パスを入力	폴더를 선택하거나 절대 경로 입력
选择根目录…	Choose folder…	Choisir un dossier…	フォルダーを選択…	폴더 선택…
点击选择根目录并允许写入；传统客户端文件接口需开启“外部交互权限”。导出期间请勿切换工程或 PCB。	Choose a folder and allow writing. Legacy client APIs require external interaction permission. Keep this project and PCB active during export.	Choisissez un dossier et autorisez l’écriture. Les anciennes API nécessitent l’autorisation d’interaction externe. Ne changez pas de projet ou de PCB pendant l’export.	フォルダーを選択し書き込みを許可してください。旧APIには外部連携権限が必要です。出力中はプロジェクトやPCBを切り替えないでください。	폴더를 선택하고 쓰기를 허용하세요. 구형 API에는 외부 상호작용 권한이 필요합니다. 내보내는 동안 프로젝트나 PCB를 바꾸지 마세요.
一键导出	Export all selected	Exporter la sélection	選択項目を一括出力	선택 항목 내보내기
停止后续任务	Stop after this file	Arrêter après ce fichier	現在のファイル後に停止	현재 파일 이후 중지
重试失败项	Retry failed items	Réessayer les échecs	失敗した項目を再試行	실패한 항목 재시도
打开导出目录	Open output folder	Ouvrir le dossier de sortie	出力フォルダーを開く	출력 폴더 열기
下载导出报告	Save export report	Enregistrer le rapport	出力レポートを保存	내보내기 보고서 저장
正在初始化…	Initializing…	Initialisation…	初期化中…	초기화 중…
读取当前工程…	Reading current project…	Lecture du projet…	現在のプロジェクトを読み込み中…	현재 프로젝트 읽는 중…
当前工程没有可导出的 PCB 子板。	No PCB boards are available in this project.	Ce projet ne contient aucun PCB exportable.	このプロジェクトに出力可能なPCBがありません。	이 프로젝트에 내보낼 PCB 보드가 없습니다.
PCB制板文件(Gerber)	PCB fabrication files (Gerber)	Fichiers de fabrication PCB (Gerber)	PCB製造ファイル(Gerber)	PCB 제조 파일(Gerber)
坐标文件(CPL)	Placement file (CPL)	Fichier de placement (CPL)	部品座標ファイル(CPL)	부품 좌표 파일(CPL)
物料清单(BOM)	Bill of materials (BOM)	Nomenclature (BOM)	部品表(BOM)	부품 명세서(BOM)
飞针测试文件	Flying probe test file	Fichier de test à sondes mobiles	フライングプローブテストファイル	플라잉 프로브 테스트 파일
3D文件	3D model	Modèle 3D	3Dファイル	3D 파일
3D外壳文件	3D enclosure	Boîtier 3D	3Dケースファイル	3D 케이스 파일
交互式BOM	Interactive BOM	BOM interactive	インタラクティブBOM	대화형 BOM
测试点报告	Test point report	Rapport des points de test	テストポイントレポート	테스트 포인트 보고서
PCB 信息	PCB information	Informations PCB	PCB情報	PCB 정보
网表文件	Netlist file	Fichier de netlist	ネットリスト	넷리스트 파일
自动布线(DSN)	Autorouter file (DSN)	Fichier d’autoroutage (DSN)	自動配線(DSN)	자동 배선(DSN)
彩色丝印制造文件	Color silkscreen files	Fichiers de sérigraphie couleur	カラーシルク製造ファイル	컬러 실크스크린 제조 파일
单位	Units	Unités	単位	단위
整数位数	Integer digits	Chiffres entiers	整数桁数	정수 자릿수
小数位数	Decimal digits	Décimales	小数桁数	소수 자릿수
金属化钻孔	Plated holes	Trous métallisés	めっき穴	도금 홀
非金属化钻孔	Non-plated holes	Trous non métallisés	非めっき穴	비도금 홀
钻孔表	Drill table	Table de perçage	ドリル表	드릴 표
自定义图层 JSON	Custom layers JSON	Couches personnalisées JSON	カスタムレイヤー JSON	사용자 지정 레이어 JSON
导出对象 JSON	Export objects JSON	Objets à exporter JSON	出力オブジェクト JSON	내보낼 객체 JSON
文件格式	File format	Format de fichier	ファイル形式	파일 형식
BOM 模板名称	BOM template name	Nom du modèle BOM	BOMテンプレート名	BOM 템플릿 이름
过滤规则 JSON	Filter rules JSON	Filtres JSON	フィルター規則 JSON	필터 규칙 JSON
统计项 JSON	Statistics JSON	Statistiques JSON	集計項目 JSON	통계 항목 JSON
属性列 JSON	Property columns JSON	Colonnes de propriétés JSON	属性列 JSON	속성 열 JSON
列标题、排序与分组 JSON	Column titles, sorting and grouping JSON	Titres, tri et regroupement JSON	列名・並べ替え・グループ JSON	열 제목, 정렬 및 그룹 JSON
导出图层 JSON	Export layers JSON	Couches à exporter JSON	出力レイヤー JSON	내보낼 레이어 JSON
网表格式	Netlist format	Format de netlist	ネットリスト形式	넷리스트 형식
坐标单位	Coordinate units	Unités des coordonnées	座標単位	좌표 단위
图层 JSON	Layers JSON	Couches JSON	レイヤー JSON	레이어 JSON
对象 JSON	Objects JSON	Objets JSON	オブジェクト JSON	객체 JSON
导出元素 JSON	Elements JSON	Éléments JSON	出力要素 JSON	내보낼 요소 JSON
模型方式	Model mode	Mode du modèle	モデル方式	모델 방식
自动生成缺失模型	Generate missing models	Générer les modèles manquants	不足モデルを自動生成	누락 모델 자동 생성
输出方式	Output mode	Mode de sortie	出力方式	출력 방식
内容配置 JSON	Content settings JSON	Contenu JSON	内容設定 JSON	내용 설정 JSON
水印配置 JSON	Watermark settings JSON	Filigrane JSON	透かし設定 JSON	워터마크 설정 JSON
图页配置 JSON	Page settings JSON	Pages JSON	ページ設定 JSON	페이지 설정 JSON
Outfit	Assembly	Assemblage	アセンブリ	조립체
Parts	Separate parts	Pièces séparées	個別部品	개별 부품
A Multi Page PDF	Multipage PDF	PDF multipage	複数ページPDF	여러 페이지 PDF
A Single Page PDF	Single-page PDF	PDF d’une page	単一ページPDF	단일 페이지 PDF
官方 API 未提供批量文件接口；使用官方窗口按板导出。	No batch API is available. Export each board through the official dialog.	Aucune API par lot n’est disponible. Exportez chaque carte avec la fenêtre officielle.	一括出力APIはありません。公式画面で基板ごとに出力してください。	일괄 API가 없습니다. 공식 창에서 보드별로 내보내세요.
打开 ${1} 官方导出窗口	Open official ${1} export	Ouvrir l’export officiel ${1}	${1}の公式出力画面を開く	${1} 공식 내보내기 창 열기
使用官方窗口时，请只选择一块子板	Select exactly one board for the official dialog	Sélectionnez une seule carte pour la fenêtre officielle	公式画面では基板を1枚だけ選択してください	공식 창에서는 보드를 하나만 선택하세요
无法激活子板	Could not activate the board	Impossible d’activer la carte	基板をアクティブにできません	보드를 활성화할 수 없습니다
当前客户端 PDF 接口沿用编辑器设置；下列参数需 4.1.68 及以上才生效。	This client uses existing PDF settings. The options below require version 4.1.68 or later.	Ce client utilise les réglages PDF existants. Les options ci-dessous nécessitent la version 4.1.68 ou ultérieure.	このクライアントは既存のPDF設定を使います。以下の設定には4.1.68以降が必要です。	이 클라이언트는 기존 PDF 설정을 사용합니다. 아래 옵션은 4.1.68 이상에서 적용됩니다.
生产与测试	Manufacturing and test	Fabrication et test	製造・テスト	제조 및 테스트
已读取 ${1} 块子板。${2}	Loaded ${1} boards. ${2}	${1} cartes chargées. ${2}	${1}枚の基板を読み込みました。${2}	보드 ${1}개를 읽었습니다. ${2}
支持直接选择目录并授权写入。	Folder selection and write access are available.	Sélection de dossier et accès en écriture disponibles.	フォルダー選択と書き込み許可を利用できます。	폴더 선택 및 쓰기 권한을 사용할 수 있습니다.
目录选择使用 EDA 客户端接口。	Folder selection uses the EDA client API.	La sélection du dossier utilise l’API du client EDA.	フォルダー選択はEDAクライアントAPIを使います。	폴더 선택에 EDA 클라이언트 API를 사용합니다.
当前 PCB 可用 BOM 模板：${1}	BOM templates for the active PCB: ${1}	Modèles BOM du PCB actif : ${1}	現在のPCBのBOMテンプレート：${1}	현재 PCB의 BOM 템플릿: ${1}
BOM 模板列表需激活 PCB 后刷新。	Activate a PCB and refresh to list BOM templates.	Activez un PCB puis actualisez pour voir les modèles BOM.	PCBをアクティブにして更新するとBOMテンプレートを表示します。	PCB를 활성화하고 새로 고침하여 BOM 템플릿을 확인하세요.
当前工程已切换，请刷新子板列表	The project changed. Refresh the board list	Le projet a changé. Actualisez les cartes	プロジェクトが変わりました。基板一覧を更新してください	프로젝트가 바뀌었습니다. 보드 목록을 새로 고침하세요
成功 ${1} · 失败 ${2} · 跳过 ${3}	Success ${1} · Failed ${2} · Skipped ${3}	Réussis ${1} · Échecs ${2} · Ignorés ${3}	成功 ${1} · 失敗 ${2} · スキップ ${3}	성공 ${1} · 실패 ${2} · 건너뜀 ${3}
已停止	Stopped	Arrêté	停止しました	중지됨
导出完成	Export complete	Export terminé	出力完了	내보내기 완료
报告：${1}	Report: ${1}	Rapport : ${1}	レポート：${1}	보고서: ${1}
默认值保存失败	Could not save defaults	Impossible d’enregistrer les valeurs par défaut	既定設定を保存できません	기본값을 저장할 수 없습니다
已保存默认文件类型及全部导出选项。	Default file types and export options saved.	Types de fichiers et options enregistrés par défaut.	既定のファイル形式と全設定を保存しました。	기본 파일 형식과 모든 옵션을 저장했습니다.
已载入默认配置。	Default profile loaded.	Profil par défaut chargé.	既定設定を読み込みました。	기본 설정을 불러왔습니다.
配置文件已导出。	Profile exported.	Profil exporté.	設定ファイルを出力しました。	설정 파일을 내보냈습니다.
配置文件超过 1 MB	Profile exceeds 1 MB	Le profil dépasse 1 Mo	設定ファイルが1 MBを超えています	설정 파일이 1 MB를 초과합니다
已导入配置“${1}”；点击“保存为默认值”可设为下次默认。	Imported profile “${1}”. Save as default to use it next time.	Profil « ${1} » importé. Définissez-le par défaut pour la prochaine utilisation.	設定「${1}」を読み込みました。「既定として保存」で次回も利用できます。	“${1}” 설정을 가져왔습니다. 기본값으로 저장하면 다음에도 사용됩니다.
所选目录：${1}	Selected folder: ${1}	Dossier choisi : ${1}	選択フォルダー：${1}	선택한 폴더: ${1}
已授权所选根目录，文件将按类型写入子目录。	Folder access granted. Files will be grouped by type.	Accès au dossier autorisé. Les fichiers seront classés par type.	フォルダーへの書き込みが許可されました。形式別に保存します。	폴더 접근이 허용되었습니다. 파일은 형식별로 저장됩니다.
客户端没有返回目录。可填写绝对路径，或升级客户端以使用目录选择。	No folder was returned. Enter an absolute path or upgrade the client.	Aucun dossier renvoyé. Saisissez un chemin absolu ou mettez le client à jour.	フォルダーを取得できません。絶対パスを入力するかクライアントを更新してください。	폴더가 반환되지 않았습니다. 절대 경로를 입력하거나 클라이언트를 업데이트하세요.
目录选择失败：${1}	Folder selection failed: ${1}	Sélection du dossier impossible : ${1}	フォルダー選択に失敗：${1}	폴더 선택 실패: ${1}
客户端未能打开目录	The client could not open the folder	Le client n’a pas pu ouvrir le dossier	クライアントでフォルダーを開けません	클라이언트에서 폴더를 열 수 없습니다
将在当前文件生成完成后停止，已保存的文件会保留。	Stopping after the current file. Saved files will be kept.	Arrêt après le fichier en cours. Les fichiers enregistrés seront conservés.	現在のファイル生成後に停止します。保存済みファイルは残ります。	현재 파일 생성 후 중지합니다. 저장된 파일은 유지됩니다.
导出报告已保存。	Export report saved.	Rapport d’export enregistré.	出力レポートを保存しました。	내보내기 보고서를 저장했습니다.
此页面需通过嘉立创 EDA 专业版扩展打开，浏览器预览不提供工程接口。	Open this extension in EasyEDA Pro. Browser preview has no project API.	Ouvrez cette extension dans EasyEDA Pro. L’aperçu navigateur n’a pas d’API de projet.	EasyEDA Proの拡張として開いてください。ブラウザープレビューではプロジェクトAPIを使えません。	EasyEDA Pro 확장에서 여세요. 브라우저 미리보기에는 프로젝트 API가 없습니다.
默认配置不可用，已恢复初始配置：${1}	Default profile unavailable. Restored initial settings: ${1}	Profil par défaut indisponible. Réglages initiaux restaurés : ${1}	既定設定を使えないため初期設定に戻しました：${1}	기본 설정을 사용할 수 없어 초기 설정을 복원했습니다: ${1}
${1} / ${2} 不是有效的 JSON	${1} / ${2} is not valid JSON	${1} / ${2} n’est pas un JSON valide	${1} / ${2} は有効なJSONではありません	${1} / ${2}은(는) 올바른 JSON이 아닙니다
导出目录：${1}	Output folder: ${1}	Dossier de sortie : ${1}	出力フォルダー：${1}	출력 폴더: ${1}
关闭	Close	Fermer	閉じる	닫기
在访达/资源管理器打开…	Open in Finder / File Explorer…	Ouvrir dans le Finder / l’Explorateur…	Finder / エクスプローラーで開く…	Finder / 파일 탐색기에서 열기…
点击文件查看内容；系统目录授权不提供绝对路径，首次在系统中打开时请选择同一目录。	Click a file to preview it. Folder permissions hide the absolute path; select the same folder to open it in your file manager.	Cliquez sur un fichier pour l’aperçu. Le chemin absolu est masqué ; choisissez le même dossier pour l’ouvrir dans le gestionnaire de fichiers.	ファイルをクリックすると内容を表示します。絶対パスは非公開のため、システムで開く際は同じフォルダーを選択してください。	파일을 클릭하면 미리보기가 표시됩니다. 절대 경로는 숨겨지므로 파일 관리자에서 열 때 같은 폴더를 선택하세요.
系统打开失败：${1}。仍可在这里查看导出内容。	File manager could not open: ${1}. You can still preview files here.	Ouverture impossible : ${1}. L’aperçu reste disponible ici.	システムで開けません：${1}。ここで内容を確認できます。	파일 관리자 열기 실패: ${1}. 여기에서 파일을 확인할 수 있습니다.
${1} · ${2} 字节	${1} · ${2} bytes	${1} · ${2} octets	${1} · ${2} バイト	${1} · ${2} 바이트
工作簿没有首表	Workbook has no first worksheet	Le classeur ne contient pas de première feuille	ブックに最初のシートがありません	통합 문서에 첫 시트가 없습니다
压缩包内容（点击条目查看）：	Archive contents (click an entry):	Contenu de l’archive (cliquer sur une entrée) :	圧縮ファイルの内容（項目をクリック）：	압축 파일 내용(항목 클릭):
文本预览仅显示前 300 KB；完整文件保存在导出目录。	Preview shows the first 300 KB. The full file is in the output folder.	L’aperçu affiche les 300 premiers Ko. Le fichier complet est dans le dossier de sortie.	先頭300 KBのみ表示します。完全なファイルは出力フォルダーに保存されています。	처음 300 KB만 표시합니다. 전체 파일은 출력 폴더에 있습니다.
读取目录失败：${1}	Could not read folder: ${1}	Lecture du dossier impossible : ${1}	フォルダーを読み込めません：${1}	폴더 읽기 실패: ${1}
JSON 配置或报告	JSON profile or report	Profil ou rapport JSON	JSON設定またはレポート	JSON 설정 또는 보고서
路径超出授权目录	Path is outside the permitted folder	Le chemin est hors du dossier autorisé	許可されたフォルダーの外部です	허용된 폴더 밖의 경로입니다
非法路径	Invalid path	Chemin invalide	無効なパス	잘못된 경로
请先打开需要导出的工程，并激活该工程的原理图或 PCB 标签页	Open a project and activate its schematic or PCB tab	Ouvrez un projet et activez un onglet schéma ou PCB	プロジェクトを開き、回路図またはPCBタブをアクティブにしてください	프로젝트를 열고 회로도 또는 PCB 탭을 활성화하세요
当前官方 API 未提供此格式的批量导出，请使用该项的官方窗口入口	No batch API exists for this format. Use its official export dialog	Aucune API par lot pour ce format. Utilisez sa fenêtre officielle	この形式に一括APIはありません。公式出力画面を使ってください	이 형식에는 일괄 API가 없습니다. 공식 내보내기 창을 사용하세요
无法唯一识别 ${1} 的 PCB 文件，已阻止保存整工程压缩包	Could not uniquely identify the PCB for ${1}. The full project archive was not saved	PCB de ${1} non identifiable de façon unique. L’archive du projet n’a pas été enregistrée	${1}のPCBを一意に特定できないため、全プロジェクトの圧縮包は保存しませんでした	${1}의 PCB를 고유하게 식별할 수 없어 전체 프로젝트 압축 파일을 저장하지 않았습니다
当前工程已经切换，请刷新子板列表后重新导出	The project changed. Refresh the board list and export again	Le projet a changé. Actualisez les cartes et relancez l’export	プロジェクトが変わりました。基板一覧を更新して再出力してください	프로젝트가 바뀌었습니다. 보드 목록을 새로 고침한 후 다시 내보내세요
无法打开或激活 PCB	Could not open or activate the PCB	Impossible d’ouvrir ou d’activer le PCB	PCBを開くかアクティブにできません	PCB를 열거나 활성화할 수 없습니다
PCB 激活超时，已阻止导出以免文件归属错误	PCB activation timed out. Export stopped to avoid incorrect board attribution	Activation du PCB expirée. Export bloqué pour éviter une attribution incorrecte	PCBの有効化がタイムアウトしたため、誤った基板の出力を防ぐため停止しました	PCB 활성화 시간이 초과되어 잘못된 보드 파일 출력을 막았습니다
无法创建目录：${1}	Could not create folder: ${1}	Création du dossier impossible : ${1}	フォルダーを作成できません：${1}	폴더 생성 실패: ${1}
文件写入失败：${1}	Could not write file: ${1}	Écriture du fichier impossible : ${1}	ファイルを書き込めません：${1}	파일 쓰기 실패: ${1}
重名文件过多，请选择新的导出目录	Too many duplicate names. Choose another folder	Trop de doublons. Choisissez un autre dossier	同名ファイルが多すぎます。別の保存先を選択してください	같은 이름의 파일이 너무 많습니다. 다른 폴더를 선택하세요
请至少选择一块子板和一种导出文件	Select at least one board and one file type	Sélectionnez au moins une carte et un type de fichier	基板とファイル形式をそれぞれ1つ以上選択してください	보드와 파일 형식을 하나 이상 선택하세요
选中的子板必须属于同一个工程	Selected boards must belong to the same project	Les cartes sélectionnées doivent appartenir au même projet	選択した基板は同一プロジェクトに属する必要があります	선택한 보드는 같은 프로젝트에 있어야 합니다
子板 ${1} 已不存在，请刷新列表	Board ${1} no longer exists. Refresh the list	La carte ${1} n’existe plus. Actualisez la liste	基板${1}が見つかりません。一覧を更新してください	${1} 보드가 없습니다. 목록을 새로 고침하세요
所选目录：${1}（文件路径相对此目录）	Selected folder: ${1} (file paths are relative to this folder)	Dossier choisi : ${1} (chemins relatifs à ce dossier)	選択フォルダー：${1}（ファイルパスはこのフォルダーからの相対パス）	선택한 폴더: ${1}(파일 경로는 이 폴더 기준 상대 경로)
无法访问导出目录。请检查路径，并在扩展管理器启用本扩展的“外部交互权限”。${1}	Cannot access the output folder. Check the path and enable this extension’s external interaction permission. ${1}	Accès au dossier impossible. Vérifiez le chemin et activez l’interaction externe de l’extension. ${1}	保存先にアクセスできません。パスを確認し、拡張管理で外部連携権限を有効にしてください。${1}	출력 폴더에 접근할 수 없습니다. 경로를 확인하고 확장의 외부 상호작용 권한을 활성화하세요. ${1}
${1}：${2}	${1}: ${2}	${1} : ${2}	${1}：${2}	${1}: ${2}
工程切换，已停止剩余任务	Project changed; remaining tasks stopped	Projet changé ; tâches restantes arrêtées	プロジェクト変更のため残りの処理を停止しました	프로젝트가 바뀌어 남은 작업을 중지했습니다
正在导出 ${1} · ${2}	Exporting ${1} · ${2}	Export de ${1} · ${2}	出力中 ${1} · ${2}	내보내는 중 ${1} · ${2}
当前 PCB 已改变；请勿在导出时切换标签页	The active PCB changed. Do not switch tabs during export	Le PCB actif a changé. Ne changez pas d’onglet pendant l’export	現在のPCBが変わりました。出力中はタブを切り替えないでください	현재 PCB가 바뀌었습니다. 내보내는 동안 탭을 전환하지 마세요
生成文件时当前 PCB 被切换，文件未保存；请重新导出	The PCB changed during generation. File not saved; export again	Le PCB a changé pendant la génération. Fichier non enregistré ; relancez l’export	生成中にPCBが切り替わったため保存しませんでした。再出力してください	생성 중 PCB가 바뀌어 파일을 저장하지 않았습니다. 다시 내보내세요
EDA 未返回有效文件（可能被取消、接口不支持或生成失败）	EDA returned no valid file (cancelled, unsupported, or generation failed)	EDA n’a renvoyé aucun fichier valide (annulé, non pris en charge ou génération échouée)	EDAが有効なファイルを返しませんでした（キャンセル・未対応・生成失敗）	EDA가 유효한 파일을 반환하지 않았습니다(취소, 미지원 또는 생성 실패)
已保存 ${1}	Saved ${1}	Enregistré ${1}	保存済み ${1}	저장됨 ${1}
失败 ${1} / ${2}：${3}	Failed ${1} / ${2}: ${3}	Échec ${1} / ${2} : ${3}	失敗 ${1} / ${2}：${3}	실패 ${1} / ${2}: ${3}
未能恢复原标签页	Could not restore the original tab	Impossible de rétablir l’onglet initial	元のタブに戻せませんでした	원래 탭을 복원할 수 없습니다
恢复标签页失败：${1}	Could not restore tab: ${1}	Rétablissement de l’onglet impossible : ${1}	タブの復元に失敗：${1}	탭 복원 실패: ${1}
用户停止导出	Stopped by user	Arrêté par l’utilisateur	ユーザーが停止	사용자가 중지함
任务提前终止	Task ended early	Tâche interrompue	処理が中断しました	작업이 조기에 종료됨
导出报告写入失败：${1}；可在窗口下载报告	Report write failed: ${1}. Save the report from this window	Écriture du rapport impossible : ${1}. Enregistrez-le depuis cette fenêtre	レポートの書き込みに失敗：${1}。この画面から保存できます	보고서 쓰기 실패: ${1}. 이 창에서 보고서를 저장할 수 있습니다
${1} 类型应为 string 或 boolean	${1} must be a string or boolean	${1} doit être une chaîne ou un booléen	${1}は文字列または真偽値が必要です	${1}은(는) 문자열 또는 불리언이어야 합니다
${1} 类型应为 ${2}	${1} must have type ${2}	${1} doit être de type ${2}	${1}の型は${2}である必要があります	${1}의 형식은 ${2}이어야 합니다
${1} 的值不受支持	Unsupported value for ${1}	Valeur non prise en charge pour ${1}	${1}の値は未対応です	${1}에 지원되지 않는 값입니다
${1} 必须是最多 256 项的数组	${1} must be an array of up to 256 items	${1} doit être un tableau de 256 éléments maximum	${1}は256項目以内の配列が必要です	${1}은(는) 최대 256개 항목의 배열이어야 합니다
${1} 必须是对象	${1} must be an object	${1} doit être un objet	${1}はオブジェクトが必要です	${1}은(는) 객체여야 합니다
${1}.${2} 是未知字段	Unknown field ${1}.${2}	Champ inconnu ${1}.${2}	不明なフィールド ${1}.${2}	알 수 없는 필드 ${1}.${2}
${1} 配置必须是对象	${1} settings must be an object	Les réglages ${1} doivent être un objet	${1}の設定はオブジェクトが必要です	${1} 설정은 객체여야 합니다
${1}.${2} 是未知选项	Unknown option ${1}.${2}	Option inconnue ${1}.${2}	不明な設定 ${1}.${2}	알 수 없는 옵션 ${1}.${2}
${1} 必须是 ${2}–${3} 的整数	${1} must be an integer from ${2} to ${3}	${1} doit être un entier de ${2} à ${3}	${1}は${2}～${3}の整数が必要です	${1}은(는) ${2}~${3} 범위의 정수여야 합니다
${1} 类型错误	Incorrect type for ${1}	Type incorrect pour ${1}	${1}の型が正しくありません	${1}의 형식이 잘못되었습니다
${1} 过长	${1} is too long	${1} est trop long	${1}が長すぎます	${1}이(가) 너무 깁니다
不是兼容的批量导出配置（需要 schema=lceda-batch-export、version=1）	Incompatible profile (requires schema=lceda-batch-export, version=1)	Profil incompatible (schema=lceda-batch-export, version=1 requis)	互換性のない設定です（schema=lceda-batch-export、version=1が必要）	호환되지 않는 설정입니다(schema=lceda-batch-export, version=1 필요)
配置名称必须是 100 字以内的文本	Profile name must be text with at most 100 characters	Le nom du profil doit comporter au plus 100 caractères	設定名は100文字以内で入力してください	설정 이름은 100자 이내 텍스트여야 합니다
包含未知的导出文件类型	Unknown export file type	Type de fichier d’export inconnu	不明な出力形式が含まれています	알 수 없는 내보내기 파일 형식입니다
缺少 options 配置	Missing options configuration	Configuration options manquante	options設定がありません	options 설정이 없습니다
未知的文件类型 ${1}	Unknown file type ${1}	Type de fichier inconnu ${1}	不明なファイル形式 ${1}	알 수 없는 파일 형식 ${1}
请选择或填写绝对路径作为导出根目录	Choose or enter an absolute output path	Choisissez ou saisissez un chemin de sortie absolu	保存先に絶対パスを選択または入力してください	출력 루트에 절대 경로를 선택하거나 입력하세요
留空使用每块板的实际生产图层；示例 [{"layerId":1,"isMirror":false},{"layerId":11,"isMirror":false}]。自定义时请包含所需铜层、阻焊、丝印及钻孔层(56)。	Leave blank for each board’s manufacturing layers. Example: [{"layerId":1,"isMirror":false},{"layerId":11,"isMirror":false}]. Include required copper, solder mask, silkscreen and drill layer (56).	Vide : couches de fabrication de chaque carte. Exemple : [{"layerId":1,"isMirror":false},{"layerId":11,"isMirror":false}]. Incluez cuivre, masque, sérigraphie et perçage (56).	空欄では基板ごとの製造レイヤーを使用。例：[{"layerId":1,"isMirror":false},{"layerId":11,"isMirror":false}]。銅箔、レジスト、シルク、ドリル(56)を含めてください。	비우면 보드별 제조 레이어를 사용합니다. 예: [{"layerId":1,"isMirror":false},{"layerId":11,"isMirror":false}]. 필요한 구리, 마스크, 실크스크린, 드릴 레이어(56)를 포함하세요.
留空使用官方生产对象；示例 ["Pad","Via","Track","BoardOutline"]	Blank uses official manufacturing objects. Example: ["Pad","Via","Track","BoardOutline"]	Vide : objets de fabrication officiels. Exemple : ["Pad","Via","Track","BoardOutline"]	空欄では公式の製造オブジェクトを使用。例：["Pad","Via","Track","BoardOutline"]	비우면 공식 제조 객체를 사용합니다. 예: ["Pad","Via","Track","BoardOutline"]
留空使用编辑器默认模板；模板须在目标客户端存在。	Blank uses the editor’s default template. The template must exist on the target client.	Vide : modèle par défaut de l’éditeur. Le modèle doit exister sur le client cible.	空欄では既定テンプレートを使用。対象クライアントに存在する必要があります。	비우면 편집기의 기본 템플릿을 사용합니다. 대상 클라이언트에 템플릿이 있어야 합니다.
例如 [{"property":"Add into BOM","includeValue":"yes"}]；留空沿用编辑器默认。	Example: [{"property":"Add into BOM","includeValue":"yes"}]. Blank uses editor defaults.	Exemple : [{"property":"Add into BOM","includeValue":"yes"}]. Vide : réglages de l’éditeur.	例：[{"property":"Add into BOM","includeValue":"yes"}]。空欄では既定設定を使用。	예: [{"property":"Add into BOM","includeValue":"yes"}]. 비우면 편집기 기본값을 사용합니다.
例如 ["No.","Quantity"]	Example: ["No.","Quantity"]	Exemple : ["No.","Quantity"]	例：["No.","Quantity"]	예: ["No.","Quantity"]
例如 ["Designator","Footprint","Value","Supplier Part"]	Example: ["Designator","Footprint","Value","Supplier Part"]	Exemple : ["Designator","Footprint","Value","Supplier Part"]	例：["Designator","Footprint","Value","Supplier Part"]	예: ["Designator","Footprint","Value","Supplier Part"]
例如 [{"property":"Designator","title":"位号","sort":"asc","group":"No","orderWeight":10}]	Example: [{"property":"Designator","title":"Designator","sort":"asc","group":"No","orderWeight":10}]	Exemple : [{"property":"Designator","title":"Repère","sort":"asc","group":"No","orderWeight":10}]	例：[{"property":"Designator","title":"部品番号","sort":"asc","group":"No","orderWeight":10}]	예: [{"property":"Designator","title":"참조 번호","sort":"asc","group":"No","orderWeight":10}]
默认仅板框(11)；留空沿用编辑器默认。例如 [{"layerId":11,"mirror":false},{"layerId":14,"mirror":false}]	Default: board outline (11). Blank uses editor settings. Example: [{"layerId":11,"mirror":false},{"layerId":14,"mirror":false}]	Par défaut : contour (11). Vide : réglages de l’éditeur. Exemple : [{"layerId":11,"mirror":false},{"layerId":14,"mirror":false}]	既定は基板外形(11)。空欄では編集設定を使用。例：[{"layerId":11,"mirror":false},{"layerId":14,"mirror":false}]	기본값은 보드 외곽(11)입니다. 비우면 편집기 설정을 사용합니다. 예: [{"layerId":11,"mirror":false},{"layerId":14,"mirror":false}]
留空使用编辑器默认对象；对象名称遵循 EDA DXF 接口。	Blank uses editor defaults. Object names follow the EDA DXF API.	Vide : objets par défaut. Les noms suivent l’API DXF EDA.	空欄では既定オブジェクトを使用。名前はEDA DXF APIに従います。	비우면 편집기 기본 객체를 사용합니다. 객체 이름은 EDA DXF API를 따릅니다.
19 种文件 · 按子板归类	19 file types · Organized by board	19 formats · Organisés par carte	19形式 · 基板別に整理	19개 파일 형식 · 보드별 정리
版权所有	Copyright	Droits d’auteur	著作権	저작권
全部文件类型	All file types	Tous les formats	すべての形式	모든 파일 형식
清空文件类型	Clear file types	Effacer les formats	形式の選択を解除	파일 형식 선택 해제
支持六种语言的多子板生产与测试资料批量导出；17 类批量接口，PNG/T-DISA 官方窗口入口，含目录查看与配置导入导出。	Batch manufacturing and test exports for multiple PCBs in six languages. 17 batch formats, official PNG/T-DISA dialogs, folder preview and portable profiles.	Export de fabrication et de test pour plusieurs PCB en six langues. 17 formats par lot, fenêtres PNG/T-DISA, aperçu des dossiers et profils portables.	6言語対応の複数PCB製造・テスト資料一括出力。17形式、PNG/T-DISA公式画面、フォルダー閲覧、設定の入出力。	6개 언어로 여러 PCB의 제조 및 테스트 자료를 일괄 내보냅니다. 17개 일괄 형식, PNG/T-DISA 공식 창, 폴더 보기와 설정 가져오기/내보내기.
目录预览不可用，请在文件管理器中查看。	Folder preview is unavailable. Use your file manager.	Aperçu indisponible. Utilisez votre gestionnaire de fichiers.	フォルダーのプレビューは利用できません。ファイル管理アプリで確認してください。	폴더 미리보기를 사용할 수 없습니다. 파일 관리자를 사용하세요.
